{"pv_capacity": 30, "wind_capacity": 3, "battery_energy_capacity": 100, "battery_max_power": 20, "LCOE": 0.3214621803738393, "initial_investment": 90680, "runtime": 185.0342676639557}