{"pv_capacity": 58.09624645257729, "wind_capacity": 0.0, "battery_energy_capacity": 81.68799870875833, "battery_max_power": 10.057566574763346, "LCOE": 0.34575833354596636, "initial_investment": 74891.71038259988, "runtime": 1014.0138463973999}