{"pv_capacity": 101.58986967057685, "wind_capacity": 0.0, "battery_energy_capacity": 146.6949378680492, "battery_max_power": 18.393091727879217, "LCOE": 0.2591823055076056, "initial_investment": 132332.4778972645, "runtime": 2213.987420797348}