{"pv_capacity": 11.046895999432744, "wind_capacity": 0.0, "battery_energy_capacity": 14.597236670051144, "battery_max_power": 2.001526360875915, "LCOE": 0.2875485807595348, "initial_investment": 15045.970173414265, "runtime": 2677.149533510208}