{"pv_capacity": 118.44739784166448, "wind_capacity": 0.0, "battery_energy_capacity": 137.77946643012265, "battery_max_power": 17.29612540485783, "LCOE": 0.25192024491266557, "initial_investment": 153246.5874818606, "runtime": 5115.896946430206}