{"pv_capacity": 18.0, "wind_capacity": 0.0, "battery_energy_capacity": 20.4, "LCOE": 4.394031133084626, "initial_investment": 27960.0, "runtime": 19.539759159088135}