{"pv_capacity": 18.0, "wind_capacity": 0.0, "battery_energy_capacity": 20.4, "LCOE": 4.383661888090793, "initial_investment": 27960.0, "runtime": 10.567626714706421}