{"pv_capacity": 72.2089853654757, "wind_capacity": 0.0, "battery_energy_capacity": 57.63507674998641, "LCOE": 0.3978652767796214, "initial_investment": 88042.1175289227, "runtime": 573.9634799957275}