{"pv_capacity": 124.84038580479084, "wind_capacity": 0.0, "battery_energy_capacity": 106.28686245359931, "LCOE": 0.379513557270342, "initial_investment": 154871.09220575148, "runtime": 2115.2025632858276}