{"pv_capacity": 1.1, "wind_capacity": 0.0, "battery_energy_capacity": 1.0, "LCOE": 0.48218269496467775, "initial_investment": 1390.0, "runtime": 2860.915514945984}