{"pv_capacity": 81.20901578984166, "wind_capacity": 0.0, "battery_energy_capacity": 49.71911716718957, "LCOE": 0.33741580376457553, "initial_investment": 76733.95791976499, "runtime": 2044.2974545955658}