{"pv_capacity": 1.0, "wind_capacity": 0.0, "battery_energy_capacity": 1.0, "LCOE": 0.4443434231352933, "initial_investment": 1300.0, "runtime": 744.3032212257385}