{"pv_capacity": 1.0, "wind_capacity": 0.0, "battery_energy_capacity": 1.0, "LCOE": 0.44188944072453007, "initial_investment": 1300.0, "runtime": 522.4028182029724}