{"pv_capacity": 1.0, "wind_capacity": 0.0, "battery_energy_capacity": 1.0, "LCOE": 0.43815478355416027, "initial_investment": 1300.0, "runtime": 707.1802959442139}