{"pv_capacity": 1.1, "wind_capacity": 0.0, "battery_energy_capacity": 1.0, "LCOE": 0.4828643828457952, "initial_investment": 1390.0, "runtime": 1850.2402510643005}