{"pv_capacity": 150.0, "wind_capacity": 0.0, "battery_energy_capacity": 125.58746211008999, "LCOE": 0.36778895305956727, "initial_investment": 215234.984844036, "runtime": 1909.1339795589447}