{"pv_capacity": 122.58166047117054, "wind_capacity": 0.0, "battery_energy_capacity": 100.20373546198526, "LCOE": 0.4057356368566241, "initial_investment": 174921.3207030817, "runtime": 1915.9485409259796}