{"pv_capacity": 98.01130836604703, "wind_capacity": 0.0, "battery_energy_capacity": 87.4138932140097, "LCOE": 0.42595017420006215, "initial_investment": 142777.99648825562, "runtime": 1909.385013103485}