{"pv_capacity": 140.4988662408176, "wind_capacity": 0.0, "battery_energy_capacity": 114.3274682503418, "LCOE": 0.3936136309578985, "initial_investment": 200279.74016503606, "runtime": 1920.0024111270905}