{"pv_capacity": 91.15921678319062, "wind_capacity": 0.0, "battery_energy_capacity": 87.4138932140097, "LCOE": 0.43541785602333644, "initial_investment": 135240.69574711355, "runtime": 1903.2229788303375}