{"pv_capacity": 85.49226472279163, "wind_capacity": 0.0, "battery_energy_capacity": 87.4138932140097, "LCOE": 0.44465087504354034, "initial_investment": 129007.04848067467, "runtime": 652.2818443775177}