{"pv_capacity": 150.0, "wind_capacity": 0.0, "battery_energy_capacity": 121.32165909489795, "LCOE": 0.3804661411381492, "initial_investment": 213528.66363795917, "runtime": 1912.1643421649933}