{"pv_capacity": 140.68304664389967, "wind_capacity": 0.0, "battery_energy_capacity": 111.78423635603832, "LCOE": 0.3867186633727661, "initial_investment": 165739.22470412313, "runtime": 1906.6144256591797}