{"pv_capacity": 150.0, "wind_capacity": 0.0, "battery_energy_capacity": 117.8770457943499, "LCOE": 0.36896636273839106, "initial_investment": 158310.0398831637, "runtime": 1913.021184682846}