{"pv_capacity": 122.0735579777686, "wind_capacity": 0.0, "battery_energy_capacity": 98.83644262874883, "LCOE": 0.4025826720367983, "initial_investment": 159137.22396354942, "runtime": 1910.2461683750153}