{"pv_capacity": 98.3979235315875, "wind_capacity": 0.0, "battery_energy_capacity": 87.4138932140097, "LCOE": 0.42863399250377654, "initial_investment": 155228.41285385913, "runtime": 1908.749251127243}