{"pv_capacity": 150.0, "wind_capacity": 0.0, "battery_energy_capacity": 120.83180640966724, "LCOE": 0.35090759620445244, "initial_investment": 141249.5419229002, "runtime": 1911.7587177753448}