{"pv_capacity": 91.92833139321989, "wind_capacity": 0.0, "battery_energy_capacity": 87.4138932140097, "LCOE": 0.4403679606012375, "initial_investment": 158843.08275749022, "runtime": 1901.0434556007385}