{"pv_capacity": 115.02945263842113, "wind_capacity": 0.0, "battery_energy_capacity": 91.79033860125885, "LCOE": 0.4086063912946631, "initial_investment": 163248.53334276678, "runtime": 583.467276096344}