{"pv_capacity": 123.41628843997763, "wind_capacity": 0.0, "battery_energy_capacity": 103.92706769469261, "LCOE": 0.3917230292403824, "initial_investment": 177328.74436185244, "runtime": 480.8660695552826}