{"pv_capacity": 127.06409921430509, "wind_capacity": 0.0, "battery_energy_capacity": 110.19968553897041, "LCOE": 0.3873141260389248, "initial_investment": 183850.38335132378, "runtime": 2000.5483767986298}