{"pv_capacity": 84.0368854775336, "wind_capacity": 0.0, "battery_energy_capacity": 69.06191612539651, "LCOE": 0.4263371060074731, "initial_investment": 120065.34047544556, "runtime": 764.2793638706207}