{"pv_capacity": 129.71924482405728, "wind_capacity": 0.0, "battery_energy_capacity": 110.41316462548352, "LCOE": 0.4153599401907778, "initial_investment": 186856.43515665643, "runtime": 755.4757966995239}