{"pv_capacity": 70.9509691134199, "wind_capacity": 0.0, "battery_energy_capacity": 61.26324451131398, "LCOE": 0.42465629940014227, "initial_investment": 102551.36382928748, "runtime": 305.6729099750519}