{"pv_capacity": 49.04898244044482, "wind_capacity": 0.0, "battery_energy_capacity": 51.26145706987885, "LCOE": 0.4535223322059306, "initial_investment": 74458.46351244084, "runtime": 228.93114566802979}