{"pv_capacity": 94.87573740892954, "wind_capacity": 0.0, "battery_energy_capacity": 71.33964226549291, "LCOE": 0.41471527211869497, "initial_investment": 132899.16805601964, "runtime": 1579.8775794506073}