{"pv_capacity": 90.30465286880128, "wind_capacity": 0.0, "battery_energy_capacity": 67.78601062582648, "LCOE": 0.4141814022224028, "initial_investment": 126449.522406012, "runtime": 4276.268088102341}