{"pv_capacity": 89.45245978584995, "wind_capacity": 0.0, "battery_energy_capacity": 67.18439896528369, "LCOE": 0.4123113424695425, "initial_investment": 125271.46535054843, "runtime": 1387.4683773517609}