{"pv_capacity": 50, "wind_capacity": 1, "battery_energy_capacity": 50, "LCOE": 0.09979728245556141, "initial_investment": 85000, "runtime": 204.4201362133026}