{"pv_capacity": 100.0, "wind_capacity": 0.0, "battery_energy_capacity": 87.4138932140097, "LCOE": 0.4164147651808947, "initial_investment": 144965.5572856039, "runtime": 1574.6165063381195}