{"pv_capacity": 50, "wind_capacity": 1, "battery_energy_capacity": 50, "LCOE": 0.10967869280722901, "initial_investment": 85000, "runtime": 202.38769221305847}