{"pv_capacity": 50.0, "wind_capacity": 0.0, "battery_energy_capacity": 87.41389321400973, "LCOE": 0.4505602022261832, "initial_investment": 89965.55728560389, "runtime": 590.6466965675354}