{"pv_capacity": 112.96059287338616, "wind_capacity": 0.0, "battery_energy_capacity": 78.20894980455311, "LCOE": 0.4228480281687895, "initial_investment": 191516.34899264044, "runtime": 592.1517043113708}