{"pv_capacity": 99.1279694646126, "wind_capacity": 0.0, "battery_energy_capacity": 73.31453012569797, "LCOE": 0.4159316166803612, "initial_investment": 138366.57846135306, "runtime": 418.4846315383911}