{"pv_capacity": 106.29449514327068, "wind_capacity": 0.0, "battery_energy_capacity": 87.4138932140097, "LCOE": 0.41618460996066525, "initial_investment": 151889.50194320164, "runtime": 1741.2864973545074}