{"pv_capacity": 87.66157285307408, "wind_capacity": 10.63793774461147, "battery_energy_capacity": 77.69049723481778, "LCOE": 0.4038380432516544, "initial_investment": 148779.80452153154, "runtime": 1908.0850713253021}