{"pv_capacity": 95.9239556669007, "wind_capacity": 6.702688878701407, "battery_energy_capacity": 81.2874334003158, "LCOE": 0.4136604924571365, "initial_investment": 158139.3912298213, "runtime": 685.6267802715302}